0x809B10,Name,Description,Use Desc,ID,Type,ItemAbility,Stat Boosts,Effectiveness,Uses,Mt,Hit,Wt,Crit,Range,Price Per Use,Weapon Level,Icon,Use Effect,Weapon Effect,Weapon EXP,Debuff Type,IER Byte,Item Skill
Nothing,0x0,0x0,0x0,0x0,0x0,0x0,0x0,0x0,0,0,0,0,0,0x0,0,NoRank,0x0,0x0,NoEffect,0,0x0,0x0,0x0
Iron Sword,0x354,EmptyDesc,0x0,0x1,0x0,IsWeapon,0x0,0x0,20,1,105,0,0,0x11,0,NoRank,0x0,0x0,NoEffect,0,0x0,0x0,0x0
Steel Sword,0x356,EmptyDesc,0x0,0x2,0x0,IsWeapon,0x0,0x0,10,4,80,3,0,0x11,0,NoRank,0x2,0x0,NoEffect,0,0x0,0x0,0x0
Silver Sword,0x357,EmptyDesc,0x0,0x3,0x0,IsWeapon,0x0,0x0,5,6,90,1,0,0x11,0,NoRank,0x3,0x0,NoEffect,0,0x0,0x0,0x0
Wind Edge,WindEdgeName,WindEdgeDesc,0x0,0x4,0x0,IsWeapon,0x0,0x0,10,0,70,5,0,0x12,0,NoRank,0xaa,0x0,NoEffect,0,0x0,0x0,0x0
Killing Edge,0x35f,KillingDesc,0x0,0x5,0x0,IsWeapon,0x0,0x0,5,3,90,2,30,0x11,0,NoRank,0xc,0x0,NoEffect,0,0x0,0x0,0x0
Rapier,0x35c,RapierDesc,0x0,0x6,0x0,IsWeapon,0x0,LordWeaponEffectiveness|IsPointer,10,1,115,0,0,0x11,0,NoRank,0x8,0x0,NoEffect,0,0x0,0x0,0x0
Shadowkiller,BlessedSwordName,BlessedDesc,0x0,0x7,0x0,IsWeapon,0x0,MonsterEffectiveness|IsPointer,10,1,115,0,0,0x11,0,NoRank,BlessedSwordIcon,0x0,NoEffect,0,0x0,0x0,0x0
Broken Sword,BrokenSwordName,BrokenDesc,0x0,0x8,0x0,IsWeapon|Indestructible,0x0,0x0,1,0,60,10,0,0x11,0,NoRank,BrokenSwordIcon,0x0,NoEffect,0,0x0,0x0,0x0
Nothing,0x0,0x0,0x0,0x9,0x0,0x0,0x0,0x0,0,0,0,0,0,0x0,0,NoRank,0x0,0x0,NoEffect,0,0x0,0x0,0x0
Nothing,0x0,0x0,0x0,0xa,0x0,0x0,0x0,0x0,0,0,0,0,0,0x0,0,NoRank,0x0,0x0,NoEffect,0,0x0,0x0,0x0
Nothing,0x0,0x0,0x0,0xb,0x0,0x0,0x0,0x0,0,0,0,0,0,0x0,0,NoRank,0x0,0x0,NoEffect,0,0x0,0x0,0x0
Nothing,0x0,0x0,0x0,0xc,0x0,0x0,0x0,0x0,0,0,0,0,0,0x0,0,NoRank,0x0,0x0,NoEffect,0,0x0,0x0,0x0
Nothing,0x0,0x0,0x0,0xd,0x0,0x0,0x0,0x0,0,0,0,0,0,0x0,0,NoRank,0x0,0x0,NoEffect,0,0x0,0x0,0x0
Nothing,0x0,0x0,0x0,0xe,0x0,0x0,0x0,0x0,0,0,0,0,0,0x0,0,NoRank,0x0,0x0,NoEffect,0,0x0,0x0,0x0
Nothing,0x0,0x0,0x0,0xf,0x0,0x0,0x0,0x0,0,0,0,0,0,0x0,0,NoRank,0x0,0x0,NoEffect,0,0x0,0x0,0x0
Nothing,0x0,0x0,0x0,0x10,0x0,0x0,0x0,0x0,0,0,0,0,0,0x0,0,NoRank,0x0,0x0,NoEffect,0,0x0,0x0,0x0
Iron Lance,0x369,EmptyDesc,0x0,0x11,0x1,IsWeapon,0x0,0x0,20,2,95,0,0,0x11,0,NoRank,0x13,0x0,NoEffect,0,0x0,0x0,0x0
Steel Lance,0x36b,EmptyDesc,0x0,0x12,0x1,IsWeapon,0x0,0x0,10,5,70,3,0,0x11,0,NoRank,0x15,0x0,NoEffect,0,0x0,0x0,0x0
Silver Lance,0x36c,EmptyDesc,0x0,0x13,0x1,IsWeapon,0x0,0x0,5,7,80,1,0,0x11,0,NoRank,0x16,0x0,NoEffect,0,0x0,0x0,0x0
Javelin,0x371,EmptyDesc,0x0,0x14,0x1,IsWeapon,0x0,0x0,10,1,60,5,0,0x12,0,NoRank,0x1b,0x0,NoEffect,0,0x0,0x0,0x0
Killer Lance,0x36f,KillingDesc,0x0,0x15,0x1,IsWeapon,0x0,0x0,5,4,80,2,30,0x11,0,NoRank,0x19,0x0,NoEffect,0,0x0,0x0,0x0
Wing Spear,WingSpearName,RapierDesc,0x0,0x16,0x1,IsWeapon,0x0,LordWeaponEffectiveness|IsPointer,10,2,105,0,0,0x11,0,NoRank,Is_ds_wing_spear_fixIcon,0x0,NoEffect,0,0x0,0x0,0x0
Bright Lance,BlessdLanceName,BlessedDesc,0x0,0x17,0x1,IsWeapon,0x0,MonsterEffectiveness|IsPointer,10,2,105,0,0,0x11,0,NoRank,BlessedLanceIcon,0x0,NoEffect,0,0x0,0x0,0x0
Broken Lance,BrokenLanceName,BrokenDesc,0x0,0x18,0x1,IsWeapon|Indestructible,0x0,0x0,1,1,50,10,0,0x11,0,NoRank,BrokenLanceIcon,0x0,NoEffect,0,0x0,0x0,0x0
Nothing,0x0,0x0,0x0,0x19,0x0,0x0,0x0,0x0,0,0,0,0,0,0x0,0,NoRank,0x0,0x0,NoEffect,0,0x0,0x0,0x0
Nothing,0x0,0x0,0x0,0x1a,0x0,0x0,0x0,0x0,0,0,0,0,0,0x0,0,NoRank,0x0,0x0,NoEffect,0,0x0,0x0,0x0
Nothing,0x0,0x0,0x0,0x1b,0x0,0x0,0x0,0x0,0,0,0,0,0,0x0,0,NoRank,0x0,0x0,NoEffect,0,0x0,0x0,0x0
Nothing,0x0,0x0,0x0,0x1c,0x0,0x0,0x0,0x0,0,0,0,0,0,0x0,0,NoRank,0x0,0x0,NoEffect,0,0x0,0x0,0x0
Nothing,0x0,0x0,0x0,0x1d,0x0,0x0,0x0,0x0,0,0,0,0,0,0x0,0,NoRank,0x0,0x0,NoEffect,0,0x0,0x0,0x0
Nothing,0x0,0x0,0x0,0x1e,0x0,0x0,0x0,0x0,0,0,0,0,0,0x0,0,NoRank,0x0,0x0,NoEffect,0,0x0,0x0,0x0
Nothing,0x0,0x0,0x0,0x1f,0x0,0x0,0x0,0x0,0,0,0,0,0,0x0,0,NoRank,0x0,0x0,NoEffect,0,0x0,0x0,0x0
Nothing,0x0,0x0,0x0,0x20,0x0,0x0,0x0,0x0,0,0,0,0,0,0x0,0,NoRank,0x0,0x0,NoEffect,0,0x0,0x0,0x0
Iron Axe,0x37a,EmptyDesc,0x0,0x21,0x2,IsWeapon,0x0,0x0,20,3,85,0,0,0x11,0,NoRank,0x1e,0x0,NoEffect,0,0x0,0x0,0x0
Steel Axe,0x37b,EmptyDesc,0x0,0x22,0x2,IsWeapon,0x0,0x0,10,6,60,3,0,0x11,0,NoRank,0x1f,0x0,NoEffect,0,0x0,0x0,0x0
Silver Axe,0x37c,EmptyDesc,0x0,0x23,0x2,IsWeapon,0x0,0x0,5,8,70,1,0,0x11,0,NoRank,0x20,0x0,NoEffect,0,0x0,0x0,0x0
Hand Axe,0x383,EmptyDesc,0x0,0x24,0x2,IsWeapon,0x0,0x0,10,2,50,5,0,0x12,0,NoRank,0x27,0x0,NoEffect,0,0x0,0x0,0x0
Killer Axe,0x37f,KillingDesc,0x0,0x25,0x2,IsWeapon,0x0,0x0,5,5,70,2,30,0x11,0,NoRank,0x23,0x0,NoEffect,0,0x0,0x0,0x0
Wolf Beil,WolfBeilName,RapierDesc,0x0,0x26,0x2,IsWeapon,0x0,LordWeaponEffectiveness|IsPointer,10,3,95,0,0,0x11,0,NoRank,WolfBeilIcon,0x0,NoEffect,0,0x0,0x0,0x0
Fiendcleaver,BlessedAxeName,BlessedDesc,0x0,0x27,0x2,IsWeapon,0x0,MonsterEffectiveness|IsPointer,10,3,95,0,0,0x11,0,NoRank,BlessedAxeIcon,0x0,NoEffect,0,0x0,0x0,0x0
Broken Axe,BrokenAxeName,BrokenDesc,0x0,0x28,0x2,IsWeapon|Indestructible,0x0,0x0,1,2,40,10,0,0x11,0,NoRank,BrokenAxeIcon,0x0,NoEffect,0,0x0,0x0,0x0
Nothing,0x0,0x0,0x0,0x29,0x0,0x0,0x0,0x0,0,0,0,0,0,0x0,0,NoRank,0x0,0x0,NoEffect,0,0x0,0x0,0x0
Nothing,0x0,0x0,0x0,0x2a,0x0,0x0,0x0,0x0,0,0,0,0,0,0x0,0,NoRank,0x0,0x0,NoEffect,0,0x0,0x0,0x0
Nothing,0x0,0x0,0x0,0x2b,0x0,0x0,0x0,0x0,0,0,0,0,0,0x0,0,NoRank,0x0,0x0,NoEffect,0,0x0,0x0,0x0
Nothing,0x0,0x0,0x0,0x2c,0x0,0x0,0x0,0x0,0,0,0,0,0,0x0,0,NoRank,0x0,0x0,NoEffect,0,0x0,0x0,0x0
Nothing,0x0,0x0,0x0,0x2d,0x0,0x0,0x0,0x0,0,0,0,0,0,0x0,0,NoRank,0x0,0x0,NoEffect,0,0x0,0x0,0x0
Nothing,0x0,0x0,0x0,0x2e,0x0,0x0,0x0,0x0,0,0,0,0,0,0x0,0,NoRank,0x0,0x0,NoEffect,0,0x0,0x0,0x0
Nothing,0x0,0x0,0x0,0x2f,0x0,0x0,0x0,0x0,0,0,0,0,0,0x0,0,NoRank,0x0,0x0,NoEffect,0,0x0,0x0,0x0
Nothing,0x0,0x0,0x0,0x30,0x0,0x0,0x0,0x0,0,0,0,0,0,0x0,0,NoRank,0x0,0x0,NoEffect,0,0x0,0x0,0x0
Iron Bow,0x38b,BowDesc,0x0,0x31,0x3,IsWeapon,0x0,FlierEffectiveness|IsPointer,20,2,95,0,0,0x22,0,NoRank,0x2b,0x0,NoEffect,0,0x0,0x0,0x0
Steel Bow,0x38c,BowDesc,0x0,0x32,0x3,IsWeapon,0x0,FlierEffectiveness|IsPointer,10,5,70,3,0,0x22,0,NoRank,0x2c,0x0,NoEffect,0,0x0,0x0,0x0
Silver Bow,0x38d,BowDesc,0x0,0x33,0x3,IsWeapon,0x0,FlierEffectiveness|IsPointer,5,7,80,1,0,0x22,0,NoRank,0x2d,0x0,NoEffect,0,0x0,0x0,0x0
Longbow,0x392,BowDesc,0x0,0x34,0x3,IsWeapon,0x0,FlierEffectiveness|IsPointer,10,1,60,5,0,0x23,0,NoRank,0x32,0x0,NoEffect,0,0x0,0x0,0x0
Killer Bow,0x38f,BowKillingDesc,0x0,0x35,0x3,IsWeapon,0x0,FlierEffectiveness|IsPointer,5,4,80,2,30,0x22,0,NoRank,0x2f,0x0,NoEffect,0,0x0,0x0,0x0
Cleave Bow,CleaveBowName,BowRapierDesc,0x0,0x36,0x3,IsWeapon,0x0,FlierLordEffectiveness|IsPointer,10,2,105,0,0,0x22,0,NoRank,CleaveBowIcon,0x0,NoEffect,0,0x0,0x0,0x0
Beacon Bow,BlessedBowName,BowBlessedDesc,0x0,0x37,0x3,IsWeapon,0x0,FlierAndMonster1|IsPointer,10,2,105,0,0,0x22,0,NoRank,BlessedBowIcon,0x0,NoEffect,0,0x0,0x0,0x0
Broken Bow,BrokenBowName,BrokenDesc,0x0,0x38,0x3,IsWeapon|Indestructible,0x0,0x0,1,1,50,10,0,0x22,0,NoRank,BrokenBowIcon,0x0,NoEffect,0,0x0,0x0,0x0
Nothing,0x0,0x0,0x0,0x39,0x0,0x0,0x0,0x0,0,0,0,0,0,0x0,0,NoRank,0x0,0x0,NoEffect,0,0x0,0x0,0x0
Nothing,0x0,0x0,0x0,0x3a,0x0,0x0,0x0,0x0,0,0,0,0,0,0x0,0,NoRank,0x0,0x0,NoEffect,0,0x0,0x0,0x0
Nothing,0x0,0x0,0x0,0x3b,0x0,0x0,0x0,0x0,0,0,0,0,0,0x0,0,NoRank,0x0,0x0,NoEffect,0,0x0,0x0,0x0
Nothing,0x0,0x0,0x0,0x3c,0x0,0x0,0x0,0x0,0,0,0,0,0,0x0,0,NoRank,0x0,0x0,NoEffect,0,0x0,0x0,0x0
Nothing,0x0,0x0,0x0,0x3d,0x0,0x0,0x0,0x0,0,0,0,0,0,0x0,0,NoRank,0x0,0x0,NoEffect,0,0x0,0x0,0x0
Nothing,0x0,0x0,0x0,0x3e,0x0,0x0,0x0,0x0,0,0,0,0,0,0x0,0,NoRank,0x0,0x0,NoEffect,0,0x0,0x0,0x0
Nothing,0x0,0x0,0x0,0x3f,0x0,0x0,0x0,0x0,0,0,0,0,0,0x0,0,NoRank,0x0,0x0,NoEffect,0,0x0,0x0,0x0
Nothing,0x0,0x0,0x0,0x40,0x0,0x0,0x0,0x0,0,0,0,0,0,0x0,0,NoRank,0x0,0x0,NoEffect,0,0x0,0x0,0x0
Heal,0x3c2,HealDesc,0x4af,0x41,0x4,IsStaff,0x0,0x0,20,3,0,0,0,0x11,0,NoRank,0x49,0x1,NoEffect,0,0x0,0x0,0x0
Mend,0x3c3,MendDesc,0x4b0,0x42,0x4,IsStaff,0x0,0x0,10,10,0,0,0,0x11,0,NoRank,0x4a,0x2,NoEffect,0,0x0,0x0,0x0
Fortify,0x3c6,FortifyDesc,0x4b3,0x43,0x4,IsStaff,0x0,0x0,5,10,0,0,0,0x11,0,NoRank,0x4d,0x5,NoEffect,0,0x0,0x0,0x0
Physic,0x3c5,PhysicDesc,0x4b2,0x44,0x4,IsStaff,0x0,0x0,10,5,0,0,0,0x13,0,NoRank,0x4c,0x4,NoEffect,0,0x0,0x0,0x0
Berserk,0x3ca,0x479,0x4b7,0x45,0x4,IsStaff,0x0,0x0,5,0,0,0,0,0x13,0,NoRank,0x51,0x9,NoEffect,0,0x0,"ItemStatus(BerserkStatusID,5)",0x0
Barrier,0x3d0,0x47f,0x4bd,0x46,0x4,IsStaff,0x0,0x0,10,0,0,0,0,0x11,0,NoRank,0x57,0xf,NoEffect,0,0x0,0x0,0x0
Restore,0x3c7,0x476,0x4b4,0x47,0x4,IsStaff,0x0,0x0,10,0,0,0,0,0x13,0,NoRank,0x4e,0x6,NoEffect,3,0x0,0x0,0x0
Broken Staff,BrokenStaffName,BrokenStaffDesc,0x0,0x48,0x4,Indestructible,0x0,0x0,1,0,0,0,0,0x0,0,NoRank,BrokenStaffIcon,0x0,NoEffect,0,0x0,0x0,0x0
Nothing,0x0,0x0,0x0,0x49,0x0,0x0,0x0,0x0,0,0,0,0,0,0x0,0,NoRank,0x0,0x0,NoEffect,0,0x0,0x0,0x0
Nothing,0x0,0x0,0x0,0x4a,0x0,0x0,0x0,0x0,0,0,0,0,0,0x0,0,NoRank,0x0,0x0,NoEffect,0,0x0,0x0,0x0
Nothing,0x0,0x0,0x0,0x4b,0x0,0x0,0x0,0x0,0,0,0,0,0,0x0,0,NoRank,0x0,0x0,NoEffect,0,0x0,0x0,0x0
Nothing,0x0,0x0,0x0,0x4c,0x0,0x0,0x0,0x0,0,0,0,0,0,0x0,0,NoRank,0x0,0x0,NoEffect,0,0x0,0x0,0x0
Nothing,0x0,0x0,0x0,0x4d,0x0,0x0,0x0,0x0,0,0,0,0,0,0x0,0,NoRank,0x0,0x0,NoEffect,0,0x0,0x0,0x0
Nothing,0x0,0x0,0x0,0x4e,0x0,0x0,0x0,0x0,0,0,0,0,0,0x0,0,NoRank,0x0,0x0,NoEffect,0,0x0,0x0,0x0
Nothing,0x0,0x0,0x0,0x4f,0x0,0x0,0x0,0x0,0,0,0,0,0,0x0,0,NoRank,0x0,0x0,NoEffect,0,0x0,0x0,0x0
Nothing,0x0,0x0,0x0,0x50,0x0,0x0,0x0,0x0,0,0,0,0,0,0x0,0,NoRank,0x0,0x0,NoEffect,0,0x0,0x0,0x0
Fire,0x3a9,EmptyDesc,0x0,0x51,0x5,IsWeapon|IsMagic,0x0,0x0,20,2,95,0,0,0x12,0,NoRank,0x36,0x0,NoEffect,0,0x0,0x0,0x0
Thunder,0x3aa,EmptyDesc,0x0,0x52,0x5,IsWeapon|IsMagic,0x0,0x0,10,5,70,3,0,0x12,0,NoRank,0x37,0x0,NoEffect,0,0x0,0x0,0x0
Ragnarok,RagnarokName,EmptyDesc,0x0,0x53,0x5,IsWeapon|IsMagic,0x0,0x0,5,7,80,1,0,0x12,0,NoRank,RagnarokIcon,0x0,NoEffect,0,0x0,0x0,0x0
Sagittae,SagittaeName,EmptyDesc,0x0,0x54,0x5,IsWeapon|IsMagic,0x0,0x0,10,1,60,5,0,0x23,0,NoRank,0x3a,0x0,NoEffect,0,0x0,0x0,0x0
Excalibur,ExcaliburName,ExcaliburDesc,0x0,0x55,0x5,IsWeapon|IsMagic,0x0,0x0,5,4,80,2,30,0x12,0,NoRank,0x3c,0x0,NoEffect,0,0x0,0x0,0x0
Cymbeline,CymbelineName,RapierDesc,0x0,0x56,0x5,IsWeapon|IsMagic,0x0,LordWeaponEffectiveness|IsPointer,10,2,105,0,0,0x12,0,NoRank,CymbelineIcon,0x0,NoEffect,0,0x0,0x0,0x0
Seraphim,SeraphimName,BlessedDesc,0x0,0x57,0x5,IsWeapon|IsMagic,0x0,MonsterEffectiveness|IsPointer,10,2,105,0,0,0x12,0,NoRank,SeraphimIcon,0x0,NoEffect,0,0x0,0x0,0x0
Drained Tome,DrainedName,DrainedDesc,0x0,0x58,0x5,Indestructible,0x0,0x0,1,0,50,0,0,0x0,0,NoRank,DrainedTomeIcon,0x0,NoEffect,0,0x0,0x0,0x0
Nothing,0x0,0x0,0x0,0x59,0x0,0x0,0x0,0x0,0,0,0,0,0,0x0,0,NoRank,0x0,0x0,NoEffect,0,0x0,0x0,0x0
Nothing,0x0,0x0,0x0,0x5a,0x0,0x0,0x0,0x0,0,0,0,0,0,0x0,0,NoRank,0x0,0x0,NoEffect,0,0x0,0x0,0x0
Nothing,0x0,0x0,0x0,0x5b,0x0,0x0,0x0,0x0,0,0,0,0,0,0x0,0,NoRank,0x0,0x0,NoEffect,0,0x0,0x0,0x0
Nothing,0x0,0x0,0x0,0x5c,0x0,0x0,0x0,0x0,0,0,0,0,0,0x0,0,NoRank,0x0,0x0,NoEffect,0,0x0,0x0,0x0
Nothing,0x0,0x0,0x0,0x5d,0x0,0x0,0x0,0x0,0,0,0,0,0,0x0,0,NoRank,0x0,0x0,NoEffect,0,0x0,0x0,0x0
Nothing,0x0,0x0,0x0,0x5e,0x0,0x0,0x0,0x0,0,0,0,0,0,0x0,0,NoRank,0x0,0x0,NoEffect,0,0x0,0x0,0x0
Nothing,0x0,0x0,0x0,0x5f,0x0,0x0,0x0,0x0,0,0,0,0,0,0x0,0,NoRank,0x0,0x0,NoEffect,0,0x0,0x0,0x0
Nothing,0x0,0x0,0x0,0x60,0x0,0x0,0x0,0x0,0,0,0,0,0,0x0,0,NoRank,0x0,0x0,NoEffect,0,0x0,0x0,0x0
Light,LightName,EmptyDesc,0x0,0x61,0x6,IsWeapon|IsMagic,0x0,0x0,20,1,105,0,0,0x12,0,NoRank,0x3d,0x0,NoEffect,0,0x0,0x0,0x0
Shine,0x3b1,EmptyDesc,0x0,0x62,0x6,IsWeapon|IsMagic,0x0,0x0,10,4,80,3,0,0x12,0,NoRank,0x3e,0x0,NoEffect,0,0x0,0x0,0x0
Divine,0x3b2,EmptyDesc,0x0,0x63,0x6,IsWeapon|IsMagic,0x0,0x0,5,6,90,1,0,0x12,0,NoRank,0x3f,0x0,NoEffect,0,0x0,0x0,0x0
Purge,0x3b3,EmptyDesc,0x0,0x64,0x6,IsWeapon|IsMagic|Uncounterable,0x0,0x0,10,0,70,5,0,0x35,0,NoRank,0x40,0x0,NoEffect,0,0x0,0x0,0x0
Luce,LuceName,KillingDesc,0x0,0x65,0x6,IsWeapon|IsMagic,0x0,0x0,5,3,90,2,30,0x12,0,NoRank,0x42,0x0,NoEffect,0,0x0,0x0,0x0
Thani,ThaniName,RapierDesc,0x0,0x66,0x6,IsWeapon|IsMagic,0x0,LordWeaponEffectiveness|IsPointer,10,1,115,0,0,0x12,0,NoRank,ThaniIcon,0x0,NoEffect,0,0x0,0x0,0x0
Ivaldi,0x3b5,BlessedDesc,0x0,0x67,0x6,IsWeapon|IsMagic|Unsellable,0x0,MonsterEffectiveness|IsPointer,10,1,115,0,0,0x12,0,NoRank,0xbb,0x0,NoEffect,0,0x0,0x0,0x0
Drained Tome,DrainedName,DrainedDesc,0x0,0x68,0x6,Indestructible,0x0,0x0,1,0,0,0,0,0x0,0,NoRank,DrainedTomeIcon,0x0,NoEffect,0,0x0,0x0,0x0
Nothing,0x0,0x0,0x0,0x69,0x0,0x0,0x0,0x0,0,0,0,0,0,0x0,0,NoRank,0x0,0x0,NoEffect,0,0x0,0x0,0x0
Nothing,0x0,0x0,0x0,0x6a,0x0,0x0,0x0,0x0,0,0,0,0,0,0x0,0,NoRank,0x0,0x0,NoEffect,0,0x0,0x0,0x0
Nothing,0x0,0x0,0x0,0x6b,0x0,0x0,0x0,0x0,0,0,0,0,0,0x0,0,NoRank,0x0,0x0,NoEffect,0,0x0,0x0,0x0
Nothing,0x0,0x0,0x0,0x6c,0x0,0x0,0x0,0x0,0,0,0,0,0,0x0,0,NoRank,0x0,0x0,NoEffect,0,0x0,0x0,0x0
Nothing,0x0,0x0,0x0,0x6d,0x0,0x0,0x0,0x0,0,0,0,0,0,0x0,0,NoRank,0x0,0x0,NoEffect,0,0x0,0x0,0x0
Nothing,0x0,0x0,0x0,0x6e,0x0,0x0,0x0,0x0,0,0,0,0,0,0x0,0,NoRank,0x0,0x0,NoEffect,0,0x0,0x0,0x0
Nothing,0x0,0x0,0x0,0x6f,0x0,0x0,0x0,0x0,0,0,0,0,0,0x0,0,NoRank,0x0,0x0,NoEffect,0,0x0,0x0,0x0
Nothing,0x0,0x0,0x0,0x70,0x0,0x0,0x0,0x0,0,0,0,0,0,0x0,0,NoRank,0x0,0x0,NoEffect,0,0x0,0x0,0x0
Flux,0x3b6,EmptyDesc,0x0,0x71,0x7,IsWeapon|IsMagic,0x0,0x0,20,3,85,0,0,0x12,0,NoRank,0x43,0x0,NoEffect,0,0x0,0x0,0x0
Luna,0x3b7,0x466,0x0,0x72,0x7,IsWeapon|IsMagic|NegateDef,0x0,0x0,10,0,100,3,0,0x12,0,NoRank,0x44,0x0,NoEffect,0,0x0,0x0,0x0
Nosferatu,0x3b8,0x467,0x0,0x73,0x7,IsWeapon|IsMagic,0x0,0x0,5,5,60,5,0,0x12,0,NoRank,0x45,0x0,NosferatuEffect,0,0x0,0x0,0x0
Eclipse,0x3b9,0x468,0x0,0x74,0x7,IsWeapon|IsMagic|Uncounterable,0x0,0x0,10,0,60,10,0,0x35,0,NoRank,0x46,0x0,EclipseEffect,0,0x0,0x0,0x0
Death,DeathName,KillingDesc,0x0,0x75,0x7,IsWeapon|IsMagic,0x0,0x0,5,5,55,2,55,0x12,0,NoRank,DeathIcon,0x0,NoEffect,0,0x0,0x0,0x0
Dark Spikes,DarkSpikesName,RapierDesc,0x0,0x76,0x7,IsWeapon|IsMagic,0x0,LordWeaponEffectiveness|IsPointer,10,4,80,0,0,0x12,0,NoRank,DarkSpikesIcon,0x0,NoEffect,0,0x0,0x0,0x0
Loptous,LoptousName,LoptousDesc,0x0,0x77,0x7,IsWeapon|IsMagic,0x0,HumanEffectiveness|IsPointer,10,18,90,20,0,0x12,0,NoRank,LoptousIcon,0x0,NoEffect,0,0x0,0x0,0x0
Drained Tome,DrainedName,DrainedDesc,0x0,0x78,0x7,Indestructible,0x0,0x0,1,0,0,0,0,0x0,0,NoRank,DrainedTomeIcon,0x0,NoEffect,0,0x0,0x0,0x0
Nothing,0x0,0x0,0x0,0x79,0x0,0x0,0x0,0x0,0,0,0,0,0,0x0,0,NoRank,0x0,0x0,NoEffect,0,0x0,0x0,0x0
Nothing,0x0,0x0,0x0,0x7a,0x0,0x0,0x0,0x0,0,0,0,0,0,0x0,0,NoRank,0x0,0x0,NoEffect,0,0x0,0x0,0x0
Nothing,0x0,0x0,0x0,0x7b,0x0,0x0,0x0,0x0,0,0,0,0,0,0x0,0,NoRank,0x0,0x0,NoEffect,0,0x0,0x0,0x0
Nothing,0x0,0x0,0x0,0x7c,0x0,0x0,0x0,0x0,0,0,0,0,0,0x0,0,NoRank,0x0,0x0,NoEffect,0,0x0,0x0,0x0
Nothing,0x0,0x0,0x0,0x7d,0x0,0x0,0x0,0x0,0,0,0,0,0,0x0,0,NoRank,0x0,0x0,NoEffect,0,0x0,0x0,0x0
Nothing,0x0,0x0,0x0,0x7e,0x0,0x0,0x0,0x0,0,0,0,0,0,0x0,0,NoRank,0x0,0x0,NoEffect,0,0x0,0x0,0x0
Nothing,0x0,0x0,0x0,0x7f,0x0,0x0,0x0,0x0,0,0,0,0,0,0x0,0,NoRank,0x0,0x0,NoEffect,0,0x0,0x0,0x0
Nothing,0x0,0x0,0x0,0x80,0x0,0x0,0x0,0x0,0,0,0,0,0,0x0,0,NoRank,0x0,0x0,NoEffect,0,0x0,0x0,0x0
Rotten Claw,RottenClawName,EmptyDesc,0x0,0x81,0x8,IsWeapon,0x0,0x0,20,1,85,0,0,0x11,0,NoRank,RottenClawIcon,0x0,NoEffect,0,0x0,0x0,0x0
Rotten Talon,RottenTalonName,EmptyDesc,0x0,0x82,0x8,IsWeapon,0x0,0x0,10,4,60,3,0,0x11,0,NoRank,RottenTalonIcon,0x0,NoEffect,0,0x0,0x0,0x0
Sharp Talon,SharpTalonName,EmptyDesc,0x0,0x83,0x8,IsWeapon,0x0,0x0,5,6,70,1,0,0x11,0,NoRank,SharpTalonIcon,0x0,NoEffect,0,0x0,0x0,0x0
Evil Eye,EvilEyeName,WindEdgeDesc,0x0,0x84,0x8,IsWeapon,0x0,0x0,10,0,50,5,0,0x12,0,NoRank,EvilEyeIcon,0x0,NoEffect,0,0x0,0x0,0x0
Killer Claw,KillerClawName,KillingDesc,0x0,0x85,0x8,IsWeapon,0x0,0x0,5,3,70,2,30,0x11,0,NoRank,KillerClawIcon,0x0,NoEffect,0,0x0,0x0,0x0
Rapier,RoyalClawName,RapierDesc,0x0,0x86,0x8,IsWeapon,0x0,LordWeaponEffectiveness|IsPointer,10,1,95,0,0,0x11,0,NoRank,RoyalClawIcon,0x0,NoEffect,0,0x0,0x0,0x0
Infectious Claw,InfectiousClawName,InfectiousClawDesc,0x0,0x87,0x8,IsWeapon,0x0,0x0,10,1,95,0,0,0x11,0,NoRank,InfectiousClawIcon,0x0,PoisonEffect,0,0x0,"ItemStatus(PoisonStatusID,2)",0x0
Broken Claw,BrokenClawName,BrokenDesc,0x0,0x88,0x8,IsWeapon|Indestructible,0x0,0x0,1,0,40,10,0,0x11,0,NoRank,BrokenClawIcon,0x0,NoEffect,0,0x0,0x0,0x0
Nothing,0x0,0x0,0x0,0x89,0x0,0x0,0x0,0x0,0,0,0,0,0,0x0,0,NoRank,0x0,0x0,NoEffect,0,0x0,0x0,0x0
Nothing,0x0,0x0,0x0,0x8a,0x0,0x0,0x0,0x0,0,0,0,0,0,0x0,0,NoRank,0x0,0x0,NoEffect,0,0x0,0x0,0x0
Nothing,0x0,0x0,0x0,0x8b,0x0,0x0,0x0,0x0,0,0,0,0,0,0x0,0,NoRank,0x0,0x0,NoEffect,0,0x0,0x0,0x0
Nothing,0x0,0x0,0x0,0x8c,0x0,0x0,0x0,0x0,0,0,0,0,0,0x0,0,NoRank,0x0,0x0,NoEffect,0,0x0,0x0,0x0
Nothing,0x0,0x0,0x0,0x8d,0x0,0x0,0x0,0x0,0,0,0,0,0,0x0,0,NoRank,0x0,0x0,NoEffect,0,0x0,0x0,0x0
Nothing,0x0,0x0,0x0,0x8e,0x0,0x0,0x0,0x0,0,0,0,0,0,0x0,0,NoRank,0x0,0x0,NoEffect,0,0x0,0x0,0x0
Nothing,0x0,0x0,0x0,0x8f,0x0,0x0,0x0,0x0,0,0,0,0,0,0x0,0,NoRank,0x0,0x0,NoEffect,0,0x0,0x0,0x0
Nothing,0x0,0x0,0x0,0x90,0x0,0x0,0x0,0x0,0,0,0,0,0,0x0,0,NoRank,0x0,0x0,NoEffect,0,0x0,0x0,0x0
Iron Memory,IronMemoryName,IronMemoryDesc,0x0,0x91,0x0,0x0,0x0,0x0,20,0,0,0,0,0x0,0,NoRank,IronMemoryIcon,0x0,NoEffect,0,0x0,0x0,0x0
Steel Memory,SteelMemoryName,SteelMemoryDesc,0x0,0x92,0x0,0x0,0x0,0x0,10,0,0,0,0,0x0,0,NoRank,SteelMemoryIcon,0x0,NoEffect,0,0x0,0x0,0x0
Silver Memory,SilverMemoryName,SilverMemoryDesc,0x0,0x93,0x0,0x0,0x0,0x0,5,0,0,0,0,0x0,0,NoRank,SilverMemoryIcon,0x0,NoEffect,0,0x0,0x0,0x0
Ranged Memory,RangedMemoryName,RangedMemoryDesc,0x0,0x94,0x0,0x0,0x0,0x0,10,0,0,0,0,0x0,0,NoRank,RangedMemoryIcon,0x0,NoEffect,0,0x0,0x0,0x0
Killing Memory,KillingMemoryName,KillingMemoryDesc,0x0,0x95,0x0,0x0,0x0,0x0,5,0,0,0,0,0x0,0,NoRank,KillerMemoryIcon,0x0,NoEffect,0,0x0,0x0,0x0
Effective Memory,EffectiveMemoryName,EffectiveMemoryDesc,0x0,0x96,0x0,0x0,0x0,0x0,10,0,0,0,0,0x0,0,NoRank,RoyalMemoryIcon,0x0,NoEffect,0,0x0,0x0,0x0
Blessed Memory,BlessedMemoryName,BlessedMemoryDesc,0x0,0x97,0x0,0x0,0x0,0x0,10,0,0,0,0,0x0,0,NoRank,BlessedMemoryIcon,0x0,NoEffect,0,0x0,0x0,0x0
Broken Memory,BrokenMemoryName,BrokenMemoryDesc,0x0,0x98,0x0,Indestructible,0x0,0x0,1,0,0,0,0,0x0,0,NoRank,BrokenMemoryIcon,0x0,NoEffect,0,0x0,0x0,0x0
Nothing,0x0,0x0,0x0,0x99,0x0,0x0,0x0,0x0,0,0,0,0,0,0x0,0,NoRank,0x0,0x0,NoEffect,0,0x0,0x0,0x0
Nothing,0x0,0x0,0x0,0x9a,0x0,0x0,0x0,0x0,0,0,0,0,0,0x0,0,NoRank,0x0,0x0,NoEffect,0,0x0,0x0,0x0
Nothing,0x0,0x0,0x0,0x9b,0x0,0x0,0x0,0x0,0,0,0,0,0,0x0,0,NoRank,0x0,0x0,NoEffect,0,0x0,0x0,0x0
Nothing,0x0,0x0,0x0,0x9c,0x0,0x0,0x0,0x0,0,0,0,0,0,0x0,0,NoRank,0x0,0x0,NoEffect,0,0x0,0x0,0x0
Nothing,0x0,0x0,0x0,0x9d,0x0,0x0,0x0,0x0,0,0,0,0,0,0x0,0,NoRank,0x0,0x0,NoEffect,0,0x0,0x0,0x0
Nothing,0x0,0x0,0x0,0x9e,0x0,0x0,0x0,0x0,0,0,0,0,0,0x0,0,NoRank,0x0,0x0,NoEffect,0,0x0,0x0,0x0
Nothing,0x0,0x0,0x0,0x9f,0x0,0x0,0x0,0x0,0,0,0,0,0,0x0,0,NoRank,0x0,0x0,NoEffect,0,0x0,0x0,0x0
Skill Scroll,0xFFFF,0xFFFF,SkillScrollDesc,0xa0,0x9,Indestructible,0x0,0x0,1,0,0,0,0,0x0,0,NoRank,ClassCoreIcon,0x0,NoEffect,0,0x0,0x0,0x0
Nothing,0x0,0x0,0x0,0x29,0x0,0x0,0x0,0x0,0,0,0,0,0,0x0,0,NoRank,0x0,0x0,NoEffect,0,0x0,0x0,0x0
Nothing,0x0,0x0,0x0,0x29,0x0,0x0,0x0,0x0,0,0,0,0,0,0x0,0,NoRank,0x0,0x0,NoEffect,0,0x0,0x0,0x0
Nothing,0x0,0x0,0x0,0x29,0x0,0x0,0x0,0x0,0,0,0,0,0,0x0,0,NoRank,0x0,0x0,NoEffect,0,0x0,0x0,0x0
Nothing,0x0,0x0,0x0,0x29,0x0,0x0,0x0,0x0,0,0,0,0,0,0x0,0,NoRank,0x0,0x0,NoEffect,0,0x0,0x0,0x0
Nothing,0x0,0x0,0x0,0x29,0x0,0x0,0x0,0x0,0,0,0,0,0,0x0,0,NoRank,0x0,0x0,NoEffect,0,0x0,0x0,0x0
Nothing,0x0,0x0,0x0,0x29,0x0,0x0,0x0,0x0,0,0,0,0,0,0x0,0,NoRank,0x0,0x0,NoEffect,0,0x0,0x0,0x0
Nothing,0x0,0x0,0x0,0x29,0x0,0x0,0x0,0x0,0,0,0,0,0,0x0,0,NoRank,0x0,0x0,NoEffect,0,0x0,0x0,0x0
Nothing,0x0,0x0,0x0,0x29,0x0,0x0,0x0,0x0,0,0,0,0,0,0x0,0,NoRank,0x0,0x0,NoEffect,0,0x0,0x0,0x0
Nothing,0x0,0x0,0x0,0x29,0x0,0x0,0x0,0x0,0,0,0,0,0,0x0,0,NoRank,0x0,0x0,NoEffect,0,0x0,0x0,0x0
Nothing,0x0,0x0,0x0,0x29,0x0,0x0,0x0,0x0,0,0,0,0,0,0x0,0,NoRank,0x0,0x0,NoEffect,0,0x0,0x0,0x0
Nothing,0x0,0x0,0x0,0x29,0x0,0x0,0x0,0x0,0,0,0,0,0,0x0,0,NoRank,0x0,0x0,NoEffect,0,0x0,0x0,0x0
Nothing,0x0,0x0,0x0,0x29,0x0,0x0,0x0,0x0,0,0,0,0,0,0x0,0,NoRank,0x0,0x0,NoEffect,0,0x0,0x0,0x0
Nothing,0x0,0x0,0x0,0x29,0x0,0x0,0x0,0x0,0,0,0,0,0,0x0,0,NoRank,0x0,0x0,NoEffect,0,0x0,0x0,0x0
Nothing,0x0,0x0,0x0,0x29,0x0,0x0,0x0,0x0,0,0,0,0,0,0x0,0,NoRank,0x0,0x0,NoEffect,0,0x0,0x0,0x0
Nothing,0x0,0x0,0x0,0x29,0x0,0x0,0x0,0x0,0,0,0,0,0,0x0,0,NoRank,0x0,0x0,NoEffect,0,0x0,0x0,0x0
Nothing,0x0,0x0,0x0,0x29,0x0,0x0,0x0,0x0,0,0,0,0,0,0x0,0,NoRank,0x0,0x0,NoEffect,0,0x0,0x0,0x0
Nothing,0x0,0x0,0x0,0x29,0x0,0x0,0x0,0x0,0,0,0,0,0,0x0,0,NoRank,0x0,0x0,NoEffect,0,0x0,0x0,0x0
Nothing,0x0,0x0,0x0,0x29,0x0,0x0,0x0,0x0,0,0,0,0,0,0x0,0,NoRank,0x0,0x0,NoEffect,0,0x0,0x0,0x0
Nothing,0x0,0x0,0x0,0x29,0x0,0x0,0x0,0x0,0,0,0,0,0,0x0,0,NoRank,0x0,0x0,NoEffect,0,0x0,0x0,0x0
Nothing,0x0,0x0,0x0,0x29,0x0,0x0,0x0,0x0,0,0,0,0,0,0x0,0,NoRank,0x0,0x0,NoEffect,0,0x0,0x0,0x0
Nothing,0x0,0x0,0x0,0x29,0x0,0x0,0x0,0x0,0,0,0,0,0,0x0,0,NoRank,0x0,0x0,NoEffect,0,0x0,0x0,0x0
Nothing,0x0,0x0,0x0,0x29,0x0,0x0,0x0,0x0,0,0,0,0,0,0x0,0,NoRank,0x0,0x0,NoEffect,0,0x0,0x0,0x0
Nothing,0x0,0x0,0x0,0x29,0x0,0x0,0x0,0x0,0,0,0,0,0,0x0,0,NoRank,0x0,0x0,NoEffect,0,0x0,0x0,0x0
Nothing,0x0,0x0,0x0,0x29,0x0,0x0,0x0,0x0,0,0,0,0,0,0x0,0,NoRank,0x0,0x0,NoEffect,0,0x0,0x0,0x0
Nothing,0x0,0x0,0x0,0x29,0x0,0x0,0x0,0x0,0,0,0,0,0,0x0,0,NoRank,0x0,0x0,NoEffect,0,0x0,0x0,0x0
Nothing,0x0,0x0,0x0,0x29,0x0,0x0,0x0,0x0,0,0,0,0,0,0x0,0,NoRank,0x0,0x0,NoEffect,0,0x0,0x0,0x0
Nothing,0x0,0x0,0x0,0x29,0x0,0x0,0x0,0x0,0,0,0,0,0,0x0,0,NoRank,0x0,0x0,NoEffect,0,0x0,0x0,0x0
Nothing,0x0,0x0,0x0,0x29,0x0,0x0,0x0,0x0,0,0,0,0,0,0x0,0,NoRank,0x0,0x0,NoEffect,0,0x0,0x0,0x0
Nothing,0x0,0x0,0x0,0x29,0x0,0x0,0x0,0x0,0,0,0,0,0,0x0,0,NoRank,0x0,0x0,NoEffect,0,0x0,0x0,0x0
Nothing,0x0,0x0,0x0,0x29,0x0,0x0,0x0,0x0,0,0,0,0,0,0x0,0,NoRank,0x0,0x0,NoEffect,0,0x0,0x0,0x0
Nothing,0x0,0x0,0x0,0x29,0x0,0x0,0x0,0x0,0,0,0,0,0,0x0,0,NoRank,0x0,0x0,NoEffect,0,0x0,0x0,0x0
Nothing,0x0,0x0,0x0,0x29,0x0,0x0,0x0,0x0,0,0,0,0,0,0x0,0,NoRank,0x0,0x0,NoEffect,0,0x0,0x0,0x0
Nothing,0x0,0x0,0x0,0x29,0x0,0x0,0x0,0x0,0,0,0,0,0,0x0,0,NoRank,0x0,0x0,NoEffect,0,0x0,0x0,0x0
Nothing,0x0,0x0,0x0,0x29,0x0,0x0,0x0,0x0,0,0,0,0,0,0x0,0,NoRank,0x0,0x0,NoEffect,0,0x0,0x0,0x0
Nothing,0x0,0x0,0x0,0x29,0x0,0x0,0x0,0x0,0,0,0,0,0,0x0,0,NoRank,0x0,0x0,NoEffect,0,0x0,0x0,0x0
Nothing,0x0,0x0,0x0,0x29,0x0,0x0,0x0,0x0,0,0,0,0,0,0x0,0,NoRank,0x0,0x0,NoEffect,0,0x0,0x0,0x0
Nothing,0x0,0x0,0x0,0x29,0x0,0x0,0x0,0x0,0,0,0,0,0,0x0,0,NoRank,0x0,0x0,NoEffect,0,0x0,0x0,0x0
Nothing,0x0,0x0,0x0,0x29,0x0,0x0,0x0,0x0,0,0,0,0,0,0x0,0,NoRank,0x0,0x0,NoEffect,0,0x0,0x0,0x0
